{
  "mode": "file_vs_metal_training",
  "eval_file": "Training data/denovo-random-Zn9.txt",
  "metal": "Zn",
  "num_eval_seqs": 5307,
  "num_training_seqs": 6000,
  "training_cap": 6000,
  "distributions": {
    "sequence_length": {
      "mean": 373.7772752967778,
      "std": 160.92394378970306,
      "min": 9,
      "max": 511,
      "median": 477.0
    },
    "binding_sites": {
      "mean": 7.163180704729602,
      "std": 3.958534975706527,
      "min": 1,
      "max": 23,
      "median": 7.0
    },
    "chain_separators": {
      "mean": 1.3830789523271152,
      "std": 0.9563884245045426,
      "min": 0,
      "max": 7,
      "median": 1.0
    }
  },
  "aa_frequencies": {
    "F": 0.04159116488378798,
    "W": 0.014459274851253893,
    "H": 0.02294249129943508,
    "G": 0.0716519121851201,
    "S": 0.059695603814063844,
    "R": 0.050101965710276454,
    "A": 0.07255012831144428,
    "P": 0.0480470111616679,
    "N": 0.04187500139573009,
    "K": 0.05974109756627658,
    "Q": 0.03718810086537132,
    "E": 0.06337844822627009,
    "I": 0.05474308014093799,
    "L": 0.09110487132846797,
    "V": 0.06694097659792007,
    "Y": 0.03627469340457947,
    "D": 0.05473431883893925,
    "C": 0.01319797901052396,
    "T": 0.05390395144825309,
    "H+": 0.007111598206145944,
    "M": 0.020459860759660924,
    "C+": 0.008526279965020209,
    "D+": 0.002112842786234538,
    "T+": 4.479512792217613e-05,
    ":": 0.005530375329304324,
    "E+": 0.0016789474651461526,
    "S+": 5.827217798355187e-05,
    "K+": 7.252317682100136e-05,
    "Y+": 4.091152879396983e-05,
    "G+": 3.5223171045906786e-05,
    "W+": 1.0388873358226897e-05,
    "V+": 9.675400909349636e-06,
    "M+": 2.9493365781943712e-05,
    "Q+": 3.151296741033094e-05,
    "N+": 6.363487833781122e-05,
    "A+": 1.8913142535281707e-05,
    "L+": 1.1364000163610214e-05,
    "I+": 7.2484749409168025e-06,
    "R+": 1.0524895167183944e-05,
    "F+": 7.932997155020275e-06,
    "P+": 5.610269847039649e-06
  },
  "N": 0.9969851140003768,
  "U": 0.998304126625212,
  "V": 0.998304126625212,
  "RR_aa": {
    "mean": 0.912077171879854,
    "std": 0.22665331967409957
  },
  "RR_length": {
    "mean": 1.0569782261975937,
    "std": 0.3146416076243524
  },
  "RR_binding_sites": {
    "mean": 0.7638282116284961,
    "std": 1.2537210384822146
  },
  "RR_chains": {
    "mean": 0.6647868123815678,
    "std": 1.5762671249583913
  }
}